k,iteraciones,tct,tiempo / segundos,
2,10,13413,0.014434,
2,100,13413,0.013693,
2,1000,13413,0.013122,
2,10000,13413,0.013133,
3,10,13413,0.017295,
3,100,13413,0.015880,
3,1000,13413,0.015342,
3,10000,13413,0.015973,
4,10,13413,0.021484,
4,100,13413,0.020337,
4,1000,13413,0.019977,
4,10000,13413,0.019405,
